#{"t_start": 1683031550.129071, "env_id": "RobotEnv7-v0"}
r,l,t
-159.485942,500,64.097535
-220.681374,500,70.407664
-154.229841,500,153.1778
-245.397578,500,159.328525
-197.183165,500,241.800604
-232.809147,500,247.905634
-188.998974,500,330.202128
-301.2916,500,336.336894
