#{"t_start": 1683064978.428658, "env_id": "RobotEnv7-v0"}
r,l,t
-197.860187,250,151.601405
-89.97821,250,153.326123
