#{"t_start": 1683470500.3088634, "env_id": "RobotEnv8-v0"}
r,l,t
-438.243953,500,48.293957
-552.251998,500,89.831533
-619.293318,500,131.307777
-452.345275,500,172.761288
-609.546405,500,234.995035
-517.253151,500,276.733727
-573.720542,500,318.684942
-671.885031,500,360.058614
-611.624863,500,421.765171
