#{"t_start": 1683470500.8397388, "env_id": "RobotEnv8-v0"}
r,l,t
-732.4603,500,47.783098
-389.073139,500,89.293513
-683.553426,500,130.778097
-722.713214,500,172.188822
-597.869703,500,234.414195
-489.727176,500,276.156296
-472.626628,500,318.12219
-580.964988,500,359.53615
-624.693556,500,421.20455
