#{"t_start": 1683470500.3982942, "env_id": "RobotEnv8-v0"}
r,l,t
-423.767777,500,48.274428
-412.009758,500,89.734567
-716.774324,500,131.253498
-345.26435,500,172.681701
-481.983053,500,234.88832
-651.095743,500,276.60266
-731.298378,500,318.58399
-591.072595,500,359.967091
-680.930676,500,421.664242
