#{"t_start": 1683470500.9401994, "env_id": "RobotEnv8-v0"}
r,l,t
-663.117527,500,47.719965
-640.2373,500,89.159724
-424.719212,500,130.716625
-731.134182,500,172.127051
-541.483147,500,234.32935
-453.320983,500,276.097596
-383.144908,500,318.009922
-475.072507,500,359.419714
-578.892339,500,421.159587
