#{"t_start": 1683470500.723411, "env_id": "RobotEnv8-v0"}
r,l,t
-447.207313,500,47.964617
-603.971334,500,89.429025
-449.600735,500,130.924309
-558.162732,500,172.315494
-595.151175,500,234.577353
-413.804493,500,276.299021
-444.801418,500,318.232462
-508.831943,500,359.697503
-582.632361,500,421.353137
