#{"t_start": 1683470500.8542655, "env_id": "RobotEnv8-v0"}
r,l,t
-597.647575,500,47.828622
-721.380592,500,89.303522
-575.784203,500,130.795934
-745.848582,500,172.213104
-508.779671,500,234.451611
-325.73337,500,276.133802
-456.962908,500,318.081145
-368.144841,500,359.525178
-726.681307,500,421.256284
