#{"t_start": 1683470500.436679, "env_id": "RobotEnv8-v0"}
r,l,t
-495.864991,500,48.234233
-603.960522,500,89.700181
-530.862504,500,131.162555
-737.713526,500,172.646108
-758.939754,500,234.857142
-548.081246,500,276.611324
-444.96181,500,318.509818
-586.937809,500,359.97075
-472.308689,500,421.611428
