#{"t_start": 1683470500.9116461, "env_id": "RobotEnv8-v0"}
r,l,t
-468.273498,500,47.747674
-491.121406,500,89.193176
-358.89752,500,130.739764
-490.258116,500,172.131021
-458.676282,500,234.388312
-286.511904,500,276.148887
-528.91064,500,318.081547
-443.080023,500,359.503336
-504.330804,500,421.172663
