#{"t_start": 1683470500.7874603, "env_id": "RobotEnv8-v0"}
r,l,t
-311.858316,500,47.837855
-633.01257,500,89.310892
-634.266628,500,130.866926
-401.243745,500,172.255702
-489.586527,500,234.444735
-404.797337,500,276.234081
-712.818527,500,318.150361
-444.018404,500,359.58257
-706.860206,500,421.252252
