#{"t_start": 1683470500.812338, "env_id": "RobotEnv8-v0"}
r,l,t
-663.864648,500,47.831211
-734.935009,500,89.336688
-461.732911,500,130.839388
-338.929911,500,172.213419
-506.557783,500,234.42464
-685.243532,500,276.217257
-384.211156,500,318.136831
-459.11638,500,359.609073
-486.248635,500,421.253192
