#{"t_start": 1683470500.8546543, "env_id": "RobotEnv8-v0"}
r,l,t
-735.866881,500,47.763659
-612.589002,500,89.259335
-421.479649,500,130.773388
-682.47267,500,172.206437
-581.433673,500,234.389507
-410.683741,500,276.144099
-379.815209,500,318.120264
-474.82616,500,359.563689
-612.992257,500,421.214655
