#{"t_start": 1683470500.4941983, "env_id": "RobotEnv8-v0"}
r,l,t
-693.329137,500,48.149229
-529.381119,500,89.61739
-575.269968,500,131.118109
-538.255569,500,172.563336
-456.435442,500,234.763988
-660.790637,500,276.498719
-706.571202,500,318.450803
-460.095058,500,359.871066
-480.745198,500,421.574727
