#{"t_start": 1683470500.4587793, "env_id": "RobotEnv8-v0"}
r,l,t
-452.116491,500,48.185796
-492.113835,500,89.69767
-574.770408,500,131.170473
-451.7154,500,172.613788
-637.288016,500,234.797597
-691.814424,500,276.570317
-380.029855,500,318.480957
-382.686108,500,359.951895
-605.079745,500,421.626872
