#{"t_start": 1683470500.4182944, "env_id": "RobotEnv8-v0"}
r,l,t
-728.776406,500,48.216629
-405.862006,500,89.67357
-344.831015,500,131.177215
-735.547075,500,172.63575
-623.923261,500,234.842686
-495.054513,500,276.627755
-575.219862,500,318.543409
-398.749045,500,359.988885
-583.267978,500,421.647676
