#{"t_start": 1683470500.7398696, "env_id": "RobotEnv8-v0"}
r,l,t
-597.754553,500,47.885698
-491.463976,500,89.361546
-588.413395,500,130.887556
-475.487277,500,172.305336
-609.929286,500,234.517352
-324.783936,500,276.274439
-507.882855,500,318.199894
-440.495009,500,359.662184
-346.91552,500,421.326535
