#{"t_start": 1683470500.8371847, "env_id": "RobotEnv8-v0"}
r,l,t
-677.029522,500,47.822856
-612.766839,500,89.305069
-581.352509,500,130.817215
-533.545009,500,172.219355
-615.422292,500,234.418646
-483.533817,500,276.20878
-659.267167,500,318.090389
-401.513005,500,359.545899
-295.651306,500,421.263479
