#{"t_start": 1683929521.0488725, "env_id": "RobotEnv-v0"}
r,l,t
-187.423182,500,70.078361
-202.898203,500,111.071782
-200.092794,500,151.927266
-203.433912,500,193.492077
-98.398718,500,234.476062
-94.189208,500,275.43908
-204.770433,500,316.381602
-169.997795,500,357.580139
-187.107444,500,398.650321
