#{"t_start": 1683808439.033302, "env_id": "RobotEnv8-v0"}
r,l,t
-260.682373,500,55.958132
-209.078548,500,96.376141
-297.613558,500,136.949326
