#{"t_start": 1683808438.8269444, "env_id": "RobotEnv8-v0"}
r,l,t
-341.453422,500,56.179648
-205.940412,500,96.597082
-364.854512,500,137.191523
