#{"t_start": 1683808439.14835, "env_id": "RobotEnv8-v0"}
r,l,t
-226.648267,500,55.812336
-327.493177,500,96.27618
-342.900968,500,136.844421
