#{"t_start": 1683808438.9643052, "env_id": "RobotEnv8-v0"}
r,l,t
-329.996674,500,55.957861
-318.555438,500,96.44646
-307.606054,500,137.065861
