#{"t_start": 1683808439.1892529, "env_id": "RobotEnv8-v0"}
r,l,t
-379.647387,500,55.805841
-313.474207,500,96.225673
-218.62687,500,136.793197
