#{"t_start": 1683808438.9424522, "env_id": "RobotEnv8-v0"}
r,l,t
-304.159048,500,56.054704
-384.601969,500,96.475196
-318.088604,500,137.053427
