#{"t_start": 1683808439.010447, "env_id": "RobotEnv8-v0"}
r,l,t
-307.071664,500,55.958447
-280.324338,500,96.406333
-349.114623,500,136.987855
