#{"t_start": 1683808438.5364542, "env_id": "RobotEnv8-v0"}
r,l,t
-292.068975,500,56.40907
-283.424852,500,96.893734
-259.30836,500,137.477466
