#{"t_start": 1683808439.1930938, "env_id": "RobotEnv8-v0"}
r,l,t
-260.825668,500,55.809489
-304.478548,500,96.208607
-261.026441,500,136.828177
