#{"t_start": 1683808439.1198938, "env_id": "RobotEnv8-v0"}
r,l,t
-343.32928,500,55.855627
-316.44588,500,96.301894
-348.625684,500,136.843379
