#{"t_start": 1683808438.9990103, "env_id": "RobotEnv8-v0"}
r,l,t
-294.830984,500,55.914884
-364.949237,500,96.442284
-248.091572,500,137.024735
