#{"t_start": 1683808438.360544, "env_id": "RobotEnv8-v0"}
r,l,t
-258.113339,500,56.573731
-284.403634,500,97.067913
-375.094681,500,137.663442
