#{"t_start": 1683808439.1658323, "env_id": "RobotEnv8-v0"}
r,l,t
-297.468069,500,55.815772
-329.706491,500,96.285077
-284.903602,500,136.832473
