#{"t_start": 1683808439.079786, "env_id": "RobotEnv8-v0"}
r,l,t
-285.20134,500,55.842432
-304.142329,500,96.34629
-254.622066,500,136.934956
