#{"t_start": 1683808438.911725, "env_id": "RobotEnv8-v0"}
r,l,t
-185.358657,500,56.09848
-288.828442,500,96.539184
-279.945032,500,137.093326
