#{"t_start": 1683808438.6537588, "env_id": "RobotEnv8-v0"}
r,l,t
-350.393663,500,56.311754
-328.451037,500,96.761004
-277.415909,500,137.325732
