#{"t_start": 1682628292.6991537, "env_id": "RobotEnv7-v0"}
r,l,t
-250.547475,500,55.784361
-181.940988,500,69.931591
-211.995716,500,84.11429
-164.711246,500,98.07122
