#{"t_start": 1682628292.6859775, "env_id": "RobotEnv7-v0"}
r,l,t
-137.282442,500,55.800635
-447.592806,500,69.939627
-321.365724,500,84.137264
-253.828009,500,98.096388
