#{"t_start": 1682628292.6164646, "env_id": "RobotEnv7-v0"}
r,l,t
-164.6082,500,55.874494
-289.270683,500,70.009535
-403.443,500,84.206193
-277.62838,500,98.167329
