#{"t_start": 1682628292.6180832, "env_id": "RobotEnv7-v0"}
r,l,t
-393.195535,500,55.871612
-146.175589,500,70.01545
-176.770712,500,84.200235
-259.579167,500,98.165432
