#{"t_start": 1682628292.6158752, "env_id": "RobotEnv7-v0"}
r,l,t
-291.12571,500,55.867485
-198.984681,500,70.00685
-146.183281,500,84.202534
-173.784613,500,98.165541
