#{"t_start": 1682628292.7790608, "env_id": "RobotEnv7-v0"}
r,l,t
-186.809507,500,55.708557
-417.077008,500,69.850277
-174.562452,500,84.048746
-243.122091,500,97.998531
