#{"t_start": 1682628292.617564, "env_id": "RobotEnv7-v0"}
r,l,t
-210.390029,500,55.871301
-375.16222,500,70.007737
-240.636399,500,84.200667
-323.683953,500,98.153939
