#{"t_start": 1682628292.6170154, "env_id": "RobotEnv7-v0"}
r,l,t
-414.153024,500,55.875048
-251.33613,500,70.013752
-65.477722,500,84.200981
-342.788607,500,98.160592
