#{"t_start": 1682628292.702563, "env_id": "RobotEnv7-v0"}
r,l,t
-95.220644,500,55.787845
-162.444361,500,69.923769
-132.90634,500,84.109441
-188.439632,500,98.073924
