#{"t_start": 1682628292.631825, "env_id": "RobotEnv7-v0"}
r,l,t
178.576492,209,47.754453
-97.449107,291,55.864527
-179.899478,500,69.997747
-236.121807,500,84.185474
-181.141099,500,98.134895
