#{"t_start": 1682628292.6996927, "env_id": "RobotEnv7-v0"}
r,l,t
-134.133157,500,55.789172
-182.371334,500,69.931373
-167.692528,500,84.122128
-97.862884,500,98.078148
