#{"t_start": 1682628292.726674, "env_id": "RobotEnv7-v0"}
r,l,t
-195.905804,500,55.770313
-126.551521,500,69.899128
-266.125397,500,84.096672
-370.955871,500,98.046513
