#{"t_start": 1683670798.3796518, "env_id": "RobotEnv8-v0"}
r,l,t
-83.671507,500,60.314752
