#{"t_start": 1683670798.377711, "env_id": "RobotEnv8-v0"}
r,l,t
-94.167937,500,60.318496
