#{"t_start": 1683670798.3784785, "env_id": "RobotEnv8-v0"}
r,l,t
-83.285549,500,60.35193
