#{"t_start": 1683670798.3805056, "env_id": "RobotEnv8-v0"}
r,l,t
-124.380215,500,60.38088
