#{"t_start": 1683670798.3813117, "env_id": "RobotEnv8-v0"}
r,l,t
-83.242806,500,60.355747
