#{"t_start": 1683670798.378897, "env_id": "RobotEnv8-v0"}
r,l,t
-152.461401,500,60.347377
