#{"t_start": 1683670798.375276, "env_id": "RobotEnv8-v0"}
r,l,t
-96.130772,500,60.324317
