#{"t_start": 1683670798.3781033, "env_id": "RobotEnv8-v0"}
r,l,t
-87.660157,500,60.343085
