#{"t_start": 1683670798.379311, "env_id": "RobotEnv8-v0"}
r,l,t
-101.580435,500,60.324103
