#{"t_start": 1683670798.3748264, "env_id": "RobotEnv8-v0"}
r,l,t
-101.609697,500,60.381
