#{"t_start": 1683670798.3760996, "env_id": "RobotEnv8-v0"}
r,l,t
-109.46265,500,60.382122
