#{"t_start": 1683670798.3769007, "env_id": "RobotEnv8-v0"}
r,l,t
-92.067064,500,60.345359
