#{"t_start": 1683670798.3772855, "env_id": "RobotEnv8-v0"}
r,l,t
-85.236393,500,60.338802
