#{"t_start": 1683670798.3764718, "env_id": "RobotEnv8-v0"}
r,l,t
-115.568724,500,60.341868
