#{"t_start": 1683670798.3756802, "env_id": "RobotEnv8-v0"}
r,l,t
-115.063627,500,60.34139
