#{"t_start": 1683670798.380119, "env_id": "RobotEnv8-v0"}
r,l,t
-103.757183,500,60.335944
