#{"t_start": 1682454751.922851, "env_id": "RobotEnv7-v0"}
r,l,t
-315.761488,500,4.020773
