#{"t_start": 1682454690.366651, "env_id": "RobotEnv7-v0"}
r,l,t
-87.764096,500,3.815534
