#{"t_start": 1683400083.7874985, "env_id": "RobotEnv8-v0"}
r,l,t
-302.107675,500,51.531276
-560.578866,500,87.105146
-305.999205,500,123.108254
-572.841941,500,158.726625
