#{"t_start": 1683400084.1955204, "env_id": "RobotEnv8-v0"}
r,l,t
-220.625511,500,51.107085
-290.251337,500,86.724359
-586.64887,500,122.732946
-503.69443,500,158.326789
