#{"t_start": 1683400084.116324, "env_id": "RobotEnv8-v0"}
r,l,t
-406.594804,500,51.213445
-290.658216,500,86.83505
-577.829803,500,122.776185
-311.71203,500,158.405985
