#{"t_start": 1683400084.1063643, "env_id": "RobotEnv8-v0"}
r,l,t
-477.392149,500,51.220301
-345.15833,500,86.80967
-408.189012,500,122.830113
-500.374729,500,158.428968
