#{"t_start": 1683400084.2015064, "env_id": "RobotEnv8-v0"}
r,l,t
-320.249518,500,51.120008
-234.014683,500,86.753054
-440.867337,500,122.713297
-242.098119,500,158.354626
