#{"t_start": 1683400084.152471, "env_id": "RobotEnv8-v0"}
r,l,t
-454.13294,500,51.200968
-381.266051,500,86.790801
-281.46163,500,122.790338
-298.427486,500,158.37825
