#{"t_start": 1683400084.1509905, "env_id": "RobotEnv8-v0"}
r,l,t
-634.177813,500,51.189451
-522.707472,500,86.776632
-403.780632,500,122.789893
-377.909559,500,158.391973
