#{"t_start": 1683400083.577635, "env_id": "RobotEnv8-v0"}
r,l,t
-620.881325,500,51.767896
-353.025001,500,87.346091
-466.390739,500,123.358124
-318.917923,500,158.997717
