#{"t_start": 1683400083.9476476, "env_id": "RobotEnv8-v0"}
r,l,t
-578.008897,500,51.388946
-469.958183,500,86.948389
-545.53321,500,123.001065
-253.277468,500,158.615901
