#{"t_start": 1683400083.5131495, "env_id": "RobotEnv8-v0"}
r,l,t
-391.733033,500,51.790236
-379.303061,500,87.396211
-334.419127,500,123.379473
-328.082808,500,159.023461
