#{"t_start": 1683400083.786834, "env_id": "RobotEnv8-v0"}
r,l,t
-322.961517,500,51.543109
-237.01861,500,87.135002
-256.398973,500,123.14104
-432.617768,500,158.757729
