#{"t_start": 1683400084.2175667, "env_id": "RobotEnv8-v0"}
r,l,t
-222.498285,500,51.124653
-691.14504,500,86.696633
-498.745867,500,122.717083
-556.1839,500,158.347588
