#{"t_start": 1683400083.5674725, "env_id": "RobotEnv8-v0"}
r,l,t
-473.320455,500,51.786012
-278.73848,500,87.368422
-519.085271,500,123.348297
-472.389568,500,158.95494
