#{"t_start": 1683400084.1815085, "env_id": "RobotEnv8-v0"}
r,l,t
-314.480724,500,51.150914
-268.791263,500,86.736904
-190.846778,500,122.734237
-289.515712,500,158.356206
