#{"t_start": 1683400083.9943786, "env_id": "RobotEnv8-v0"}
r,l,t
-489.937109,500,51.334734
-308.576583,500,86.911452
-592.976265,500,122.925553
-531.013125,500,158.567088
