#{"t_start": 1683400084.2285938, "env_id": "RobotEnv8-v0"}
r,l,t
-400.669704,500,51.130997
-403.599335,500,86.719902
-205.781023,500,122.714192
-192.474982,500,158.321886
