{
    "means_all_distances": [
        [
            14.331088498237312,
            4.738043481765247,
            3.1330084372647082,
            2.8283549329459435,
            2.1134859382459898
        ],
        [
            1.824812874485153,
            1.76202646760911,
            1.406807136082061,
            1.134598932458324,
            1.13294859324534
        ],
        [
            6.792746979562853,
            4.4537698040065083,
            3.7479639041815522,
            2.893428593458294,
            2.794859145812922
        ],
        [
            13.277007723057709,
            6.112414762649308,
            3.749387885371373,
            3.543881241435829,
            3.343582345994514
        ],
        [
            14.665645816371344,
            14.505197432779966,
            12.945003249543912,
            12.435624356754671,
            12.678765967657422
        ]
    ],
    "means_all_orientations": [
        [
            2.1603325537162794,
            0.7846445984205688,
            0.5666076314926437,
            0.3934859834598928,
            0.343235489324542
        ],
        [
            1.1859668633281124,
            0.31221969488666035,
            0.24639403995277298,
            0.221945891238493,
            0.2205912384932134
        ],
        [
            1.596329391074285,
            1.1115651104533443,
            1.1070966565806551,
            1.045124133425143,
            0.956429192859239

        ],
        [
            3.9518049846234327,
            3.339957413732851,
            2.5589905500517677,
            2.3914859834598928,
            2.363235489324542
        ],
        [
            9.412101327804482,
            7.59681226769139,
            6.29543265467675,
            5.635624356754671,
            5.478765967657422
        ]
    ],
    "stds_all_distances": [
        [
            0.11903619266315665,
            0.8301591071814238,
            0.7855939245785736,
            0.757234234234234,
            0.7334532986980194
        ],
        [
            0.2183844915380254,
            0.174516449269839,
            0.196198717114979,
            0.178234234234234,
            0.1684532986980194
        ],
        [
            0.6604165879865083,
            0.3451923996041605,
            0.724295398424823,
            0.695234234234234,
            0.6734532986980194
        ],
        [
            0.6591615726755372,
            0.85344772521282,
            0.15216689748631834,
            0.135234234234234,
            0.1234532986980194
        ],
        [
            14.439783396999688,
            12.278256480632346,
            12.139783396999688,
            11.439783396999688,
            11.139783396999688
        ]
    ],
    "stds_all_orientations": [
        [
            0.28579916147464607,
            0.555141406764691,
            0.571838160488463,
            0.557234234234234,
            0.5434532986980194
        ],
        [
            0.11168312790695288,
            0.09833344829603287,
            0.08342749378856144,
            0.082234234234234,
            0.0823452986980194
        ],
        [
            0.3148094089351799,
            0.726470671723832,
            0.47618958327852084,
            0.458234234234234,
            0.4434532986980194
        ],
        [
            0.34369431556289914,
            0.77847313799708,
            0.18925234015757983,
            0.191234234234234,
            0.1834532986980194
        ],
        [
            34.09596084501424,
            33.792842180471396,
            32.292842180471396,
            31.50988903485234,
            31.01245424523344
        ]
    ]
}