{
    "means_all_distances": [
        [
            9.056414018835756,
            4.2665636290075435,
            3.0092918407249236,
            2.6000659250745977,
            2.3462190058246915
        ]
    ],
    "means_all_orientations": [
        [
            2.2236084481855274,
            1.3870967043733562,
            1.11977221951946,
            1.0130104978958554,
            0.9708728525003841
        ]
    ],
    "stds_all_distances": [
        [
            0.4142497112158069,
            0.5508289203170609,
            0.4645637344011735,
            0.44148423423423405,
            0.4247032986980194
        ]
    ],
    "stds_all_orientations": [
        [
            0.2639965034699195,
            0.5396046661954089,
            0.3301768944282813,
            0.322234234234234,
            0.31317629869801944
        ]
    ]
}