{
    "means_all_distances": [
        [
            10.178260378342873,
            6.314290389762028,
            4.996434122488721,
            4.567177611410612,
            4.412728398191237
        ]
    ],
    "means_all_orientations": [
        [
            3.6613070241093184,
            2.6290398170369627,
            2.154904306550918,
            1.9375332696676186,
            1.8724514755317916
        ]
    ],
    "stds_all_distances": [
        [
            3.219356448372583,
            2.8963144323801178,
            2.7996076669208763,
            2.641144066787325,
            2.567719318358353
        ]
    ],
    "stds_all_orientations": [
        [
            7.030389371778783,
            7.1902521690506065,
            6.7227099516369035,
            6.559765194357856,
            6.4530318880051025
        ]
    ]
}