{
    "means_all_distances": [
        [
            54.41444625476464,
            9.12242457420905,
            6.446765540977663
        ]
    ],
    "means_all_orientations": [
        [
            84.50091654999466,
            7.454185022381862,
            4.05958738308142
        ]
    ],
    "stds_all_distances": [
        [
            49.11560406296441,
            3.2317230315003878,
            2.2565695445784515
        ]
    ],
    "stds_all_orientations": [
        [
            54.85000071724628,
            5.164419689240347,
            3.5073414546124417
        ]
    ]
}