{
    "means_all_distances": [
        [
            52.51552846094518,
            1.4367150537861346,
            0.6707650486738332
        ]
    ],
    "means_all_orientations": [
        [
            81.24375472564368,
            0.46264193234040585,
            0.21939488321485273
        ]
    ],
    "stds_all_distances": [
        [
            51.807962004333895,
            0.22919009128457404,
            0.2648477991419293
        ]
    ],
    "stds_all_orientations": [
        [
            54.4493864468307,
            0.16410749506720607,
            0.1028351319353028
        ]
    ]
}