{
    "means_all_distances": [
        [
            79.55501422966708,
            1.2659550576496539,
            0.5127979017260165
        ],
        [
            17.42813227154411,
            0.7444398237803171,
            0.639163753786582
        ],
        [
            35.5010010500636048,
            2.941848064770167,
            0.904323948227076
        ],
        [
            77.5779662925059,
            0.7946172689444009,
            0.6267745909556588
        ]
    ],
    "means_all_orientations": [
        [
            143.42166265070222,
            0.29759351129447858,
            0.22156383967897975
        ],
        [
            11.851287262603979,
            0.23984798799307425,
            0.22840568525335306
        ],
        [
            103.30524344895143257,
            0.879423015852139,
            0.25779875838832467
        ],
        [
            66.39682554031708,
            0.43370321422193164,
            0.16981124953875348
        ]

    ],
    "stds_all_distances": [
        [
            0.745676543213456,
            0.408710301800549,
            0.36543214564546
        ],
        [
            51.91771812770113,
            0.13126400853232584,
            0.24406582920285613
        ],
        [
            76.24149479872694954,
            0.14648648505371528,
            0.20979818502024904
        ],
        [
            78.32695854769403,
            0.23029956975170596,
            0.24009503669915197
        ]
    ],
    "stds_all_orientations": [
        [
            23.32466769072705,
            0.13318290752464837,
            0.1223453424235345
        ],
        [
            41.01287981790763,
            0.14189887498709175,
            0.03732729712944459
        ],
        [
            79.22010169589021902,
            0.14486166170908244,
            0.1492339177768774
        ],
        [
            74.23989658279788,
            0.23648653604800177,
            0.1024339704113547
        ]
    ]
}