{
    "means_all_distances": [
        [
            126.75,
            73.57129229696407,
            34.35186400730062,
            12.926593286441358,
            9.215162780977911,
            7.4895420281745775,
            6.397830517016926,
            5.2982661470474675,
            3.985009068871122,
            3.0153355534168216,
            2.0109605386497753,
            1.3624101942028102,
            0.8695030780698866,
            0.7285397055026178,
            0.7437266745380418,
            0.736113225949639,
            0.7436244562249565,
            0.6447697570872505,
            0.6772126842086317,
            0.6338549086049977,
            0.7112838839558557,
            0.6897400741967644
        ]
    ],
    "means_all_orientations": [
        [
            135.75,
            88.10194392596199,
            56.429491285376805,
            27.49280880279222,
            22.979626599397697,
            21.16055095124761,
            18.142996541289893,
            15.950484512174027,
            10.361273750444036,
            8.168866341072402,
            5.611436956532794,
            2.899850249286946,
            0.9925185787709772,
            0.47466144486869843,
            0.44205635013011324,
            0.3546805149746625,
            0.324004603606268,
            0.2904986292323139,
            0.25449783247370245,
            0.24889359334336808,
            0.21570198784635852,
            0.22242852778085334
        ]
    ],
    "stds_all_distances": [
        [
            51.0,
            31.50479834502882,
            20.708312984031366,
            6.625521665457682,
            5.577531229595714,
            4.776001179640811,
            4.550840549953774,
            4.293282181222871,
            3.6163006049747537,
            3.5253448865119035,
            2.4998111388756055,
            1.9252328127680172,
            1.0150786800949179,
            0.455626695724071,
            0.5726526857539396,
            0.5011279857107949,
            0.8245937922230435,
            0.25999202306428326,
            0.513649207637307,
            0.2887597154525652,
            0.579158136629706,
            0.40672643577374873
        ]
    ],
    "stds_all_orientations": [
        [
            71.0,
            51.0150417611329,
            41.571935718493854,
            21.723043694157653,
            18.817102775094696,
            17.278418247658784,
            17.526871555445176,
            17.58860032701275,
            14.430707119604484,
            13.003909099516383,
            10.042464543532066,
            8.145674447117305,
            4.255616011879838,
            0.9932881920139145,
            1.8227425112914932,
            2.9792901085277457,
            1.624988392430483,
            0.16155455198463067,
            2.3090463141631217,
            0.18105480222979378,
            2.079996592672528,
            1.6800985513231526
        ]
    ]
}