{
    "means_all_distances": [
        [
            129.4,
            80.12614690729926,
            44.91110520954743,
            25.48200438015172,
            18.325441526423468,
            11.89239630781402,
            10.831743653425388,
            6.536201792472613,
            5.416625835146425,
            4.061039205572082,
            2.5943466202591767,
            2.745408210245487,
            1.3913323745403325,
            0.9961989602575729,
            0.9158748419993845,
            3.950496392487678,
            0.9268036892573303,
            5.32447336280092,
            0.8718200985982903,
            0.7553350283499127,
            0.7571191468637531,
            0.7483481087227741
        ]
    ],
    "means_all_orientations": [
        [
            143.0,
            95.1475338384902,
            62.60302578065923,
            39.275361619899115,
            34.94040884644133,
            29.038896140796034,
            24.340053852451327,
            18.430547850318227,
            13.31469273355071,
            10.697311790077212,
            8.01552839568114,
            4.488033366340863,
            2.6247545956172935,
            1.6294360540521868,
            1.1650568753733517,
            0.9433188865557159,
            0.9209994635586733,
            1.2183366119297852,
            1.1302369922143003,
            0.6608964769851366,
            0.4632603183856402,
            0.5394703868974049
        ]
    ],
    "stds_all_distances": [
        [
            51.6,
            32.462756522993914,
            22.50886547216131,
            11.20167745784118,
            10.590719953657,
            7.937459229748066,
            10.478167240592652,
            5.326816304846086,
            6.538507655714997,
            4.535743489665229,
            2.9061369729147737,
            5.567014455491462,
            1.9938174123731223,
            0.8828836523869474,
            0.8848716576989386,
            8.629419492671818,
            1.1045750252674718,
            9.185807443925135,
            0.8672168631333342,
            0.5803372439844978,
            0.716558410798171,
            0.583696120505235
        ]
    ],
    "stds_all_orientations": [
        [
            73.8,
            53.49835324582612,
            43.419158814768366,
            27.440897342619518,
            24.778125023571587,
            22.556571008834652,
            21.74165293721459,
            19.613063963440077,
            16.956109142843882,
            14.8019016883149,
            12.018701802539429,
            9.370175430012145,
            6.875933799522298,
            3.1434327356771634,
            3.273975521358691,
            7.827773185674422,
            2.7268945601597907,
            3.8535830381810614,
            3.9247286262874455,
            1.4113100922067179,
            2.713404572007801,
            2.5527680347660766
        ]
    ]
}