{
    "means_all_distances": [
        [
            22.12795831111577,
            8.327083995794535,
            7.842597533317843,
            7.844362739382695,
            7.834732794799366,
            7.831641386528395,
            7.870731525403052,
            7.791103490887399,
            7.793780486868193,
            7.724009215654891,
            7.8413050812257525,
            7.771153948770446,
            7.433129149410543,
            7.827496639981025,
            7.755009579097125,
            7.754296956099019,
            7.779848372884069,
            81.18585526909423,
            7.803277736648487,
            81.23538131595099
        ]
    ],
    "means_all_orientations": [
        [
            27.743915281616317,
            6.981882056623029,
            7.391034353956019,
            7.330731676770358,
            9.966694389858555,
            4.496886905897367,
            11.968395049419458,
            10.035036051526141,
            13.416591525068988,
            10.32431661585238,
            3.0375171448146894,
            13.089318862253123,
            6.956147635884483,
            6.648059192483362,
            4.086326601261796,
            3.3158326435363423,
            6.786808867120889,
            38.50870563587266,
            10.671857720281574,
            133.48329513012766
        ]
    ],
    "stds_all_distances": [
        [
            42.331699125246296,
            24.84738551134562,
            23.220979903093408,
            23.22062548096373,
            23.235695853930785,
            23.22458803430835,
            23.21229707646197,
            23.221941716881776,
            23.22016300600086,
            22.827705954438237,
            23.224918501074576,
            23.24367562761471,
            22.365865340385863,
            23.18395392610254,
            23.240054195265746,
            23.085753388427715,
            23.234525905897957,
            0.25451626593230087,
            23.233465859588062,
            0.17756859956207852
        ]
    ],
    "stds_all_orientations": [
        [
            30.695038449086123,
            24.80631520530903,
            27.207020804226417,
            26.63453750805977,
            33.7480815413692,
            17.33504546401233,
            38.78125667189583,
            32.584034327622916,
            42.2960487400218,
            33.75725494500444,
            11.24362937211,
            41.280556686280505,
            24.07302299485212,
            23.645962110814093,
            15.414154448923524,
            13.06422018570633,
            23.211801466287618,
            32.770091240062406,
            35.23077306949459,
            35.166304084410555
        ]
    ]
}