{
    "means_all_distances": [
        [
            32.7017203718285,
            11.163334899277917,
            8.507872006579312,
            8.497153826283954,
            8.48138870527014,
            11.555366837924174,
            8.262192679085256,
            9.39061502296614,
            8.162403500118602,
            10.522459755781062,
            8.774037451851376,
            8.118508037346214,
            7.3570455433368105,
            8.625626057724084,
            10.413751147695795,
            7.754296956099019,
            8.417579564573142,
            81.18585526909423,
            8.82028912864357,
            81.23538131595099
        ]
    ],
    "means_all_orientations": [
        [
            34.963348677511064,
            12.403149819692056,
            12.926785881733272,
            11.0292500084288,
            13.97438455186259,
            9.016406107165677,
            14.71998828920704,
            17.268991979335183,
            15.432448814957109,
            15.632482820692033,
            9.389372196268791,
            16.037728776185634,
            9.013457699687173,
            12.168490119388657,
            8.549436831556285,
            3.3158326435363423,
            10.482222951394451,
            38.50870563587266,
            14.189627952696064,
            133.48329513012766
        ]
    ],
    "stds_all_distances": [
        [
            58.47798172217793,
            31.939085249988906,
            21.686845421278775,
            21.75802614146916,
            21.85356599741328,
            25.12488040348179,
            21.787535443963378,
            22.27604396899225,
            21.919305698046557,
            25.199051159335767,
            22.10003463117096,
            21.97068060524685,
            21.002282274174952,
            22.03289793191434,
            22.91762567676499,
            23.085753388427715,
            21.90846560837135,
            0.25451626593230087,
            21.927734291596522,
            0.17756859956207852
        ]
    ],
    "stds_all_orientations": [
        [
            39.618817129857185,
            30.29086789845088,
            28.984000477046067,
            28.10068050235336,
            34.495497270901,
            20.49270714023039,
            38.83464432234444,
            38.01492925021704,
            42.05451471972962,
            37.88590887638896,
            24.85836408092536,
            42.06728670592325,
            26.93753161212896,
            30.83436628353418,
            22.393467960464026,
            13.06422018570633,
            27.94028522238904,
            32.770091240062406,
            36.5065748743629,
            35.166304084410555
        ]
    ]
}