{
    "means_all_distances": [
        [
            107.6,
            63.69245794333786,
            31.591091967689692,
            6.25484634835194,
            2.8341613593675787,
            2.813829496546065,
            2.7931746994699846,
            6.798746901347852,
            2.5032257376842644,
            3.9900858561910177,
            2.3915831131820027,
            5.5854148781734825,
            3.182432773452634,
            2.3353295155921154,
            3.729297525367044,
            3.0011684916710317,
            5.331265909508561,
            3.290408748430481,
            2.734124101598073,
            3.629798949409345,
            3.2512777222454874,
            2.687508981437099
        ]
    ],
    "means_all_orientations": [
        [
            77.6,
            47.05698767203596,
            31.60284099653446,
            8.726931339832616,
            8.88705138320067,
            6.478663484358721,
            7.404911064846624,
            6.981889393384719,
            6.190009509597319,
            11.604913607918578,
            5.505556934925648,
            9.156620102201984,
            9.049650838384695,
            6.665656734033331,
            4.263046800571926,
            8.704500992543714,
            6.826876591435784,
            9.13566757106738,
            6.353394843099808,
            10.783074756374264,
            6.912080446820918,
            4.238539629390926
        ]
    ],
    "stds_all_distances": [
        [
            76.4,
            52.30843454726376,
            45.296786780604634,
            15.243378657232778,
            1.9028810344860507,
            2.1310811737764412,
            2.372319775378407,
            5.236452566260406,
            2.3369928005823226,
            2.76615715829758,
            2.638609492858909,
            6.433160434814629,
            2.8446596328498144,
            2.70575643053309,
            2.3196681865358264,
            2.8367872111947414,
            2.9214453722606812,
            2.3993882342958766,
            2.4995624294350156,
            2.9056458360690245,
            2.3528400748930576,
            2.1653460507301694
        ]
    ],
    "stds_all_orientations": [
        [
            52.4,
            32.15769321154218,
            25.826636251667946,
            8.464014761809555,
            3.559706774581083,
            5.571909179164166,
            6.111473712454595,
            3.848580638829638,
            7.230464304681472,
            8.326909480769073,
            7.901492102406088,
            9.193762553858111,
            8.79577048846296,
            8.663944239471878,
            7.546295619676992,
            9.102100330431202,
            7.168731434315143,
            8.576977998076302,
            8.17706191465443,
            8.953975621472535,
            7.589311784805081,
            6.0084524585818455
        ]
    ]
}