{
    "means_all_distances": [
        [
            86.5,
            45.06192511767678,
            16.774512033174993,
            1.1278792183307922,
            0.500981296830125,
            0.4954106696223601,
            0.4819693211226316,
            0.48946942153457207,
            0.525224916020987,
            0.4406252078889668,
            0.4420213732285391,
            0.5032841660981013,
            0.5020245942427158,
            0.41192301336191023,
            0.42697547922598356,
            0.4976261507610623,
            0.4048749431385804,
            0.45736945671235185,
            0.4363798472818334,
            0.45472754798670306,
            0.46063420665272703,
            0.45945917431373
        ]
    ],
    "means_all_orientations": [
        [
            56.5,
            30.240106226959362,
            20.835993156935032,
            0.3536335456478429,
            0.26545940787380085,
            0.2555541473108452,
            0.25196872033708023,
            0.2589213131955547,
            0.2740741099869635,
            0.24220461432698973,
            0.2520301913216242,
            0.23892589092495062,
            0.23091980316428093,
            0.2685750918380502,
            0.2466427380644155,
            0.2479111863376965,
            0.25945996475073313,
            0.21373532853733038,
            0.23999345014999976,
            0.24813274586623574,
            0.25575950078220644,
            0.23573526138500134
        ]
    ],
    "stds_all_distances": [
        [
            64.75,
            40.770812710501616,
            33.74219383855639,
            5.481640537523701,
            0.2052379860425938,
            0.20982762282380302,
            0.22823300432512245,
            0.21668786423341313,
            0.22180687617805747,
            0.21677089485758516,
            0.20959199551263716,
            0.20959888504644533,
            0.23082264204221242,
            0.2018818981805819,
            0.21117817916921178,
            0.22543946660534367,
            0.19990404025190148,
            0.20714404086166321,
            0.2068502773984579,
            0.20361215457631457,
            0.20788977470690362,
            0.22029888849173543
        ]
    ],
    "stds_all_orientations": [
        [
            44.5,
            23.135778383546846,
            18.235582140127562,
            0.804897780914572,
            0.1651668657757014,
            0.15498673203212215,
            0.15488902606976487,
            0.15589317512004724,
            0.16308960136741993,
            0.15217957113297653,
            0.1581614866219217,
            0.15953004993957387,
            0.15808144036665617,
            0.1659579159682882,
            0.15258530137814966,
            0.1548314510183333,
            0.15522573841832427,
            0.14419823339131926,
            0.1504862822233024,
            0.15301792226297928,
            0.153537593563364,
            0.14687919357816814
        ]
    ]
}